restaurant ID, menu ID, section ID, item ID, title, price, description
1,1,1,1,Exclusive interactive,$71.46,Quia cum consequatur quia eaque. Et animi id.
1,1,1,2,multi-byte Accountability,$638.59,Ea distinctio temporibus qui sed qui occaecati voluptatem nulla. Soluta et molestiae velit rerum qui delectus sint nihil voluptatibus.
1,1,1,3,Mobility Handcrafted Rubber Chips,$905.22,Dolorem itaque ipsum eum tempore harum voluptas aperiam sit. Est perspiciatis sit eum a ea impedit rerum placeat quidem.
1,1,1,4,Ergonomic,$911.21,In quae aliquid rerum aperiam. Ratione et ratione amet odit modi voluptas soluta.
1,1,1,5,Specialist,$368.18,Nihil blanditiis dicta consequatur aliquam alias sequi. Tempora at commodi libero quibusdam ducimus aut cupiditate.
1,1,2,1,protocol Pants,$588.71,Voluptatem eius reiciendis ipsum quaerat vel natus. Cupiditate dolorum voluptatem ipsum maxime odio beatae est amet.
1,1,2,2,Enhanced bypass,$41.72,Est voluptatem aut quia nulla. Architecto quia dolorem qui dolores.
1,1,2,3,Mexico synergies gold,$809.45,Veritatis possimus magnam minima corrupti nostrum quidem. Saepe non quibusdam ea voluptatem minima.
1,1,2,4,Chile,$554.00,Distinctio iure autem qui quo nihil sed nihil cupiditate. Magnam quisquam nobis est est labore.
1,1,2,5,Specialist,$662.86,Quas aliquam accusamus tenetur vel ab eum odit est. Rem dolorem enim necessitatibus temporibus earum.
1,1,3,1,open system,$428.84,Culpa suscipit ut sint optio nemo sit laborum voluptate exercitationem. Quo dolorem eum vitae.
1,1,3,2,Money Market Account Australia Functionality,$762.49,Eos ut rerum omnis ut porro consequatur perspiciatis et. Tenetur velit sapiente nobis nostrum molestiae rerum ut soluta nihil.
1,1,3,3,exploit,$92.39,Eos fuga eveniet natus. Aspernatur sint voluptas iure consequatur.
1,1,3,4,Programmable Plastic withdrawal,$106.70,Ut tenetur fugit vitae provident aperiam unde qui excepturi vitae. Aut dolores et unde odio inventore odio.
1,1,3,5,withdrawal Avon,$235.53,Tempora eligendi iure in dicta. Aperiam rerum nobis voluptates qui impedit iure.
1,1,4,1,cross-platform,$759.61,Molestias placeat consequatur ex aut placeat in laboriosam. Qui sunt qui aut qui aut.
1,1,4,2,Sleek Fresh Chips,$564.33,Corrupti neque saepe voluptate nobis consequatur qui rerum aut quis. Consectetur est atque fuga quos libero voluptatem sint.
1,1,4,3,Chicken e-tailers,$77.75,Deleniti non veritatis velit commodi libero nostrum quaerat reiciendis eligendi. Ex numquam nam praesentium rerum omnis optio ut fugiat.
1,1,4,4,silver,$737.62,Perspiciatis ipsum saepe tenetur voluptas cumque fugiat. Voluptatem inventore ea nam eum voluptate aut molestiae porro quos.
1,1,4,5,reintermediate Keyboard Denar,$748.44,Illo similique beatae ipsum aut dicta vel. Aut et repellat nisi aut quidem quod esse assumenda enim.
1,2,1,1,mint green Facilitator Courts,$710.20,Impedit magnam sit iste aut quis ut asperiores culpa harum. Quisquam provident odit illum occaecati exercitationem quo in adipisci.
1,2,1,2,solid state copying,$846.50,Error qui magnam repudiandae. Amet vel enim iusto aut molestiae.
1,2,1,3,Awesome protocol,$118.57,Vel autem error aliquam quo. Enim a quis magnam quibusdam.
1,2,1,4,card infrastructure connect,$482.05,Voluptatem laborum necessitatibus reprehenderit aut incidunt qui. At voluptas id sit quia.
1,2,1,5,indigo Human,$235.62,Occaecati maiores officiis veritatis pariatur placeat. Voluptas id omnis molestiae voluptas ea excepturi.
1,2,2,1,Seamless Intelligent Fresh Cheese,$347.24,Consequatur ipsa asperiores explicabo distinctio in dolores tempora quaerat. Quis quod deleniti aperiam ab commodi qui quia accusamus fugiat.
1,2,2,2,compressing Supervisor killer,$363.63,Ipsam vel exercitationem est dolorum. Voluptate hic distinctio quis.
1,2,2,3,hardware salmon Research,$729.00,Quibusdam mollitia voluptatem sed dolores. Ullam quas iusto adipisci.
1,2,2,4,quantifying e-markets,$930.30,Quo laborum enim aut harum atque maiores temporibus itaque sit. Dolorum modi in maxime delectus atque natus.
1,2,2,5,Ergonomic Soft Pizza Central Rubber,$654.98,Sed ut quaerat voluptas voluptas dolores corporis sit. Doloremque enim maxime ullam maxime repellendus nesciunt.
1,2,3,1,Baht composite Frozen,$466.16,Magnam ea qui. Quae quia deleniti est quae sed excepturi sint quo.
1,2,3,2,Fresh,$787.68,Magni porro qui. Quam id quae molestias dolorem rem assumenda possimus.
1,2,3,3,Consultant one-to-one Rustic Granite Salad,$432.93,Maiores ullam reprehenderit excepturi et modi officiis nisi provident. Ut culpa repudiandae eos numquam commodi.
1,2,3,4,Books Home Loan Account,$297.32,Sit enim qui nisi. Voluptatibus earum tenetur in est eveniet fuga excepturi.
1,2,3,5,Accounts maximize,$77.79,Atque sapiente tempora ratione exercitationem. Laborum architecto eligendi quas sit dolore nemo cupiditate.
1,2,4,1,back-end,$839.32,Nihil eligendi inventore et. Fuga aut ut.
1,2,4,2,copying,$202.81,Voluptates officiis ab doloribus provident inventore illo nihil mollitia. Et architecto ut pariatur sint qui dolor sapiente dicta nihil.
1,2,4,3,Generic Frozen Table Personal Loan Account,$182.12,Temporibus dolorum dolor nam itaque dolor aut eos earum odit. Quo eos non.
1,2,4,4,transmitting wireless,$327.14,Fugit quisquam quasi laborum sunt rerum assumenda molestiae. Facere et neque ut voluptatibus accusantium qui repellendus et excepturi.
1,2,4,5,Home Loan Account Steel Intuitive,$287.30,Natus sint nihil autem sed nisi dolorum architecto. Sequi et qui iusto eos error dolores quisquam.
2,1,1,1,parsing mobile Producer,$277.81,Id quia et consequuntur perspiciatis sapiente. Deleniti alias quasi et ducimus.
2,1,1,2,Auto Loan Account front-end,$649.82,Aliquam repellendus id sit animi voluptatum enim. Quia voluptatem autem molestiae corporis consequuntur exercitationem quas esse laboriosam.
2,1,1,3,mint green Rustic Cotton Computer markets,$165.96,Est aliquid voluptatem laboriosam hic debitis excepturi dolorem. Voluptas pariatur dolorum.
2,1,1,4,portals,$835.10,Minus assumenda dolorem aut officiis quae nam provident voluptatum accusamus. Nostrum dolores explicabo ducimus ducimus consequatur nulla.
2,1,1,5,Crossroad,$928.97,Perferendis vel maiores enim odit minus quod velit. Et voluptatem harum error.
2,1,2,1,Re-contextualized,$908.40,Eos eum et et ut nostrum suscipit vel facere et. Ut voluptas sequi sint facere debitis sit exercitationem.
2,1,2,2,hard drive Fantastic Cotton Bacon,$609.06,Eveniet totam eligendi natus eum nostrum impedit ea qui ex. Magnam veritatis aut architecto voluptatum voluptatem eum omnis eveniet.
2,1,2,3,networks,$927.16,Et ut maiores in est qui error quia tenetur. Ut soluta neque.
2,1,2,4,cultivate,$909.27,Doloremque et nostrum at vel est saepe deserunt. Optio placeat facere assumenda ea.
2,1,2,5,withdrawal,$829.18,Quam reprehenderit consectetur officia. Saepe suscipit et amet veniam.
2,1,3,1,RAM haptic Architect,$208.06,Sit rem facilis nihil enim non. Qui ducimus eligendi harum sint dolores nisi id.
2,1,3,2,Money Market Account green platforms,$914.48,Est sunt illo quibusdam id pariatur sed. Quaerat sunt qui.
2,1,3,3,generate Roads Walks,$399.94,Ut amet dolores similique et quis. Vitae blanditiis reprehenderit tempora facere et aperiam.
2,1,3,4,Home Loan Account New York,$959.52,Architecto voluptatem mollitia. Omnis ut sit dolorem deserunt sed explicabo.
2,1,3,5,exuding Buckinghamshire,$415.58,Nobis vel nihil. Sed reiciendis repellendus dolores recusandae dicta quasi eos eum esse.
2,1,4,1,ubiquitous,$983.75,Omnis eveniet laudantium accusantium mollitia eaque explicabo et quas. Omnis doloribus esse rem error ut voluptas perferendis enim facere.
2,1,4,2,background Washington cultivate,$104.32,Aut tempore aut iste eveniet beatae aut eligendi. Dolorem magnam autem.
2,1,4,3,e-business Borders,$491.18,Alias dolores aut vel tempora. Earum ullam similique et animi dolore voluptatibus sequi nam quae.
2,1,4,4,architecture synthesizing SAS,$283.48,Iste natus est quisquam non nulla odit et. Nobis corrupti ut doloremque doloribus.
2,1,4,5,JSON ADP,$166.51,Atque accusantium ut ut architecto itaque. Nihil debitis illum.
2,2,1,1,Berkshire,$261.66,Hic sunt rem sint iusto cum. Delectus debitis dolorum omnis est et.
2,2,1,2,Berkshire Borders,$798.26,Temporibus nihil est sequi. Fugit temporibus dicta quaerat quod beatae at.
2,2,1,3,XSS Bahamian Dollar Customer-focused,$412.11,Voluptatem incidunt earum voluptatum ea ullam accusantium. Modi et deleniti delectus inventore consequatur.
2,2,1,4,synthesizing strategize,$531.61,Error atque autem iusto et hic porro. Et aut aspernatur ad fuga.
2,2,1,5,Rustic backing up,$954.92,Nemo qui et officiis. Est placeat inventore.
2,2,2,1,Borders application,$600.61,Illum quasi consequuntur non omnis praesentium. Omnis voluptates perferendis et eos debitis voluptatem nemo natus.
2,2,2,2,Buckinghamshire,$102.62,Fugit harum harum optio autem. Qui consectetur asperiores.
2,2,2,3,Keyboard Lesotho,$486.13,Saepe deserunt consectetur qui quasi velit. Officia ut soluta molestiae sit quidem animi sit voluptatem.
2,2,2,4,mission-critical Lake Licensed Wooden Hat,$663.32,Minus cupiditate tempore enim ullam error et soluta rerum. Et voluptas est et non quisquam et aut.
2,2,2,5,analyzing Buckinghamshire,$337.79,Tenetur magnam et qui ex illum. Repellat velit eum illo omnis sit nihil mollitia.
2,2,3,1,Trafficway West Virginia Chicken,$640.96,Quia est eveniet omnis qui et. Dolore est aut est ipsam enim omnis quia nam reiciendis.
2,2,3,2,Unbranded Croatia,$67.16,Cumque rem esse. Perferendis sed rem et ea hic.
2,2,3,3,Centralized,$473.10,Perspiciatis provident ab in. Et est nostrum et voluptatum voluptas provident.
2,2,3,4,Bedfordshire,$557.11,Nam accusamus et ut saepe optio velit omnis itaque. Tempore odio odio et et voluptatem ut et beatae fugit.
2,2,3,5,input monitor e-business,$375.39,Itaque est explicabo nihil dicta. Explicabo voluptatem quam.
2,2,4,1,bypassing,$705.17,Eaque et quis. Expedita ut quod debitis debitis quis cum.
2,2,4,2,Credit Card Account Data,$540.28,Vel beatae itaque ipsum repudiandae voluptatem commodi. Dolorem maiores laborum maxime dolorum consequatur tempore mollitia autem corrupti.
2,2,4,3,Bahraini Dinar,$58.75,Commodi sapiente quaerat doloribus a voluptatem minima vitae veritatis. Odio omnis optio aut.
2,2,4,4,Turkish Lira override,$991.11,Ut eaque sunt ea corrupti laudantium voluptas deserunt. Molestiae quia et.
2,2,4,5,Massachusetts withdrawal,$29.95,Veritatis provident id distinctio ducimus maxime reprehenderit ipsum. Tempore eveniet sapiente nihil.
3,1,1,1,Lesotho,$951.04,Pariatur ducimus voluptas quia vel exercitationem. Nisi molestias quam ea molestiae.
3,1,1,2,Mauritius,$412.80,Error minus odit dolorem distinctio maiores voluptate accusamus. Aut dolores voluptas saepe.
3,1,1,3,invoice,$522.69,Iste qui eveniet hic totam dolores quia autem in. Pariatur enim est architecto accusantium molestias totam.
3,1,1,4,Buckinghamshire rich,$100.71,Incidunt velit rerum repellendus enim. Eveniet aut quas saepe ut doloribus.
3,1,1,5,sticky,$787.06,Velit minus et itaque dicta nostrum doloremque et. Corporis sit amet molestiae illo numquam reiciendis omnis aliquam.
3,1,2,1,hack,$441.92,Voluptatem quia nobis perferendis. Et unde rerum.
3,1,2,2,Montserrat Keys,$450.20,Omnis eaque assumenda quia qui enim animi. Quae voluptatem quae.
3,1,2,3,THX,$585.16,Dolores soluta ut quos inventore consequatur ad aut voluptatem non. Quis alias in nulla illo voluptatum voluptates ea labore.
3,1,2,4,programming Auto Loan Account Terrace,$817.01,Dolor totam nulla dolor dolore cum. Minima amet rerum perspiciatis aspernatur.
3,1,2,5,functionalities Awesome,$527.41,Culpa provident omnis illum. Maxime vero earum possimus velit et nihil quidem repudiandae nisi.
3,1,3,1,Avon firewall hard drive,$631.23,Ad dolorem architecto repudiandae ea quidem corporis repellat. Voluptate eos animi sapiente ipsam dignissimos quasi.
3,1,3,2,plug-and-play,$247.29,Similique consequuntur inventore sunt. Minus voluptas nulla soluta delectus perspiciatis sed.
3,1,3,3,payment parse,$731.31,Ut veritatis rerum natus et eum. Optio blanditiis sed.
3,1,3,4,white Sleek,$592.49,Dolore animi ipsa iste aut illo nesciunt itaque totam. Et in enim architecto fuga veniam omnis quis libero corrupti.
3,1,3,5,Handmade Frozen Sausages Ergonomic,$440.08,Placeat harum accusamus. Enim aliquam tempore temporibus aut sint quia qui nulla.
3,1,4,1,Bedfordshire,$209.30,Accusantium nobis sint. Sunt perspiciatis distinctio repudiandae sit dolore maxime.
3,1,4,2,Rubber Licensed Fantastic Granite Cheese,$989.26,Nesciunt in facere sed sapiente ut ex. Aut ab ducimus beatae voluptatem repudiandae quasi.
3,1,4,3,back-end wireless,$427.44,Ut vel a quis corporis nostrum nesciunt. Et earum excepturi dicta ut soluta rerum et debitis.
3,1,4,4,throughput Czech Koruna,$897.33,Omnis fugiat sint error aliquid repudiandae voluptatem. Voluptas placeat quas consequuntur qui quaerat in.
3,1,4,5,explicit Fresh regional,$50.35,Recusandae voluptatem quod est error. Amet aut aut iure ipsa fugiat.
3,2,1,1,Morocco,$171.21,Eveniet porro occaecati corrupti occaecati voluptatem dicta iure. Neque vitae incidunt aspernatur amet.
3,2,1,2,West Virginia,$773.47,Earum voluptates sed voluptatem et necessitatibus earum. Nostrum eligendi nesciunt quaerat illum.
3,2,1,3,Colorado,$917.00,Omnis placeat est in placeat esse quidem et. Aliquid et molestiae.
3,2,1,4,Auto Loan Account Administrator,$947.06,Dolor qui debitis consequuntur molestiae officiis non. Recusandae sit asperiores sunt et earum.
3,2,1,5,Cheese,$789.54,Incidunt et autem perferendis est veritatis repellendus. Ea quas enim fugiat.
3,2,2,1,wireless,$880.11,Rem est enim enim aut iste. Qui et laboriosam ea nisi et eos.
3,2,2,2,Unbranded Table Borders,$94.84,Repellendus eos aut deleniti et aut eaque. Est quo minus est tenetur consequatur animi ut.
3,2,2,3,Checking Account Advanced background,$948.65,Enim iste quidem. Sit quod laborum quia assumenda doloremque sapiente iste.
3,2,2,4,knowledge base,$648.59,Et nisi voluptas sapiente corporis. Quidem quis reiciendis animi fugiat sed molestias.
3,2,2,5,deposit e-enable back-end,$701.45,Est quo quia eveniet tenetur voluptatem eos commodi quis dolores. Quia accusamus quae vel itaque qui.
3,2,3,1,online mobile Metal,$651.97,Laboriosam totam odit voluptatem. Voluptas consectetur odit maxime consequatur ullam.
3,2,3,2,calculating Djibouti,$472.57,Ut rem ut dolorem odit aliquam accusamus autem eos. Sed sed perspiciatis nulla voluptatem dolor iusto quas fuga et.
3,2,3,3,fresh-thinking,$255.77,Autem porro sit culpa modi ea. Est quis a.
3,2,3,4,Jewelery Metal Tasty Cotton Keyboard,$304.71,Quasi omnis ut. Voluptates magnam voluptas dolorem qui mollitia iste omnis.
3,2,3,5,CSS Investor New Hampshire,$492.97,Voluptas mollitia iusto explicabo mollitia perspiciatis ut. Tenetur delectus cum.
3,2,4,1,Frozen East Caribbean Dollar Denmark,$488.60,Sed quis autem. Mollitia recusandae reiciendis quos dolorem asperiores aut.
3,2,4,2,Wyoming Junctions withdrawal,$736.06,Ut tempore modi. Incidunt impedit dolore incidunt suscipit eos et voluptas perferendis.
3,2,4,3,Keyboard,$971.61,Quidem consequatur qui accusantium enim reprehenderit blanditiis et rerum aut. At reprehenderit error cum atque officia consequuntur illo animi tempora.
3,2,4,4,synthesize XML,$571.34,In qui eius id amet ut aut porro. Quia rem ea provident.
3,2,4,5,clicks-and-mortar,$720.60,Aut dolor accusamus velit facere eos est dignissimos placeat. Provident sapiente et.
4,1,1,1,Cheese impactful,$593.37,Possimus voluptas et tempore fugit. Accusantium cum quis cumque ipsam sunt reprehenderit repellat incidunt.
4,1,1,2,Handmade,$726.55,Assumenda saepe tempore ex. Numquam et quis quidem ut eaque quae non quam nihil.
4,1,1,3,Diverse models,$12.02,Nisi natus non ratione aut sit deserunt sapiente rem autem. Ut eius enim.
4,1,1,4,XSS,$520.38,Eius voluptatum mollitia qui vero. Veritatis rerum cumque placeat.
4,1,1,5,optimizing Games definition,$312.95,Odit a qui consequatur mollitia voluptate et voluptatem. Maxime magni autem dolores et nobis blanditiis odio minima voluptatem.
4,1,2,1,communities Garden,$41.09,Vel facere tenetur et voluptatem eius soluta molestias incidunt. Nostrum consequatur exercitationem praesentium qui modi.
4,1,2,2,bandwidth,$281.67,Corrupti voluptate ea et voluptates error in ipsa. Voluptas omnis voluptatem sed natus quis.
4,1,2,3,Borders client-driven,$929.91,Voluptas animi illo dolores amet facere necessitatibus porro sunt. Quia voluptate facere vero natus sapiente non excepturi ipsum.
4,1,2,4,CFP Franc orchid,$736.87,Laudantium enim ducimus. Nam aut ipsum et aut natus rerum aut voluptates.
4,1,2,5,quantifying,$899.28,Pariatur velit molestiae sunt. Nihil magnam quaerat eos qui.
4,1,3,1,alarm Borders Bacon,$556.32,Voluptas ut magnam ut aliquam ratione ut. Reprehenderit rerum ipsam distinctio.
4,1,3,2,Fantastic Cotton Gloves navigating,$32.10,Aut incidunt quia quo. Minima amet et molestias.
4,1,3,3,online Human capacitor,$490.90,Laudantium reiciendis est dolor libero dolor voluptate perspiciatis temporibus. Et vel nulla vitae.
4,1,3,4,Pizza innovative Bacon,$920.69,Non et mollitia iure delectus aut temporibus aut eius. Sed omnis labore doloremque.
4,1,3,5,backing up bypassing Architect,$948.32,Vero qui temporibus officia et ullam. Ut sapiente reprehenderit.
4,1,4,1,Buckinghamshire withdrawal Corporate,$334.32,Sed asperiores sapiente et et quibusdam. Est qui molestias laudantium eligendi repudiandae.
4,1,4,2,Granite Mexican Peso Mexican Unidad de Inversion (UDI) Shirt,$442.70,Officia nisi itaque aut asperiores. Totam quas molestias rerum exercitationem cum.
4,1,4,3,Home Loan Account optical,$712.69,Vero dolorum explicabo non soluta dolorem inventore praesentium doloremque. Maiores culpa consequatur velit quis doloremque.
4,1,4,4,whiteboard,$474.72,Ullam eos et in non enim provident perspiciatis. Libero rerum officiis.
4,1,4,5,relationships Forward,$157.33,Dolorem nemo illum amet sed architecto perspiciatis voluptatem. Ratione ipsam saepe iusto ex at.
4,2,1,1,Lock,$197.49,In molestias quod ratione maiores modi et suscipit. Eos assumenda provident architecto omnis voluptatem ut praesentium.
4,2,1,2,migration proactive initiatives,$302.97,Vero eos magni et et eos aspernatur consequatur nihil. Distinctio repudiandae incidunt.
4,2,1,3,parsing open-source invoice,$99.32,Possimus quia sapiente pariatur molestias dolor. Quia molestiae dolor perferendis.
4,2,1,4,haptic,$502.21,Delectus aliquid et aut ut natus rerum voluptas dicta consequatur. Quasi omnis rerum nobis culpa quia sed.
4,2,1,5,Bedfordshire Specialist,$291.43,Et accusantium facilis vero fugiat nam fuga sed sunt. Vero nostrum minus.
4,2,2,1,e-services bi-directional tan,$2.09,Provident est repellendus. Temporibus sed quo saepe quia et et at.
4,2,2,2,stable,$539.25,Pariatur cupiditate natus atque esse et optio corrupti iste ad. Maxime voluptas sed.
4,2,2,3,niches Chips,$396.98,Illo ut non aut. Hic libero rerum nihil vitae nihil consequatur explicabo vel rerum.
4,2,2,4,application,$728.93,Vitae omnis ea earum dolorum nostrum in. Officia quas tempore quod.
4,2,2,5,Salad Cross-platform,$929.04,Quasi aut eos aut. Eaque sed ut vel quis est.
4,2,3,1,metrics leading-edge portals,$717.40,Ratione expedita in expedita. Et placeat ipsum in consequatur voluptas ipsum temporibus.
4,2,3,2,Strategist ubiquitous,$567.94,Nam rem maiores. Excepturi quia et.
4,2,3,3,Checking Account,$851.79,Cumque laudantium ut at vitae perferendis libero sunt. Nesciunt nobis accusantium quis consequatur laborum.
4,2,3,4,Investment Account Colombia,$524.87,Officiis sunt distinctio est sunt mollitia dolore qui iure. Dolor sint vero dolor illum.
4,2,3,5,Designer,$606.56,Velit est veniam sit aut. At quasi est.
4,2,4,1,sexy SAS,$852.30,Voluptatem corrupti aut nostrum delectus officia. Ipsum beatae quidem.
4,2,4,2,transmitting,$294.46,Eum quibusdam enim molestiae consequatur omnis possimus consectetur quo. Ab magni repudiandae magnam illo tenetur officia dicta laborum.
4,2,4,3,redundant,$290.40,Beatae in sint et architecto eos. Rerum odio nobis et error reprehenderit rerum aut facilis.
4,2,4,4,Berkshire Indiana,$44.46,Pariatur eos excepturi atque veritatis necessitatibus quo. Accusamus accusamus architecto eos possimus veritatis.
4,2,4,5,Bedfordshire,$659.07,Sed maiores nemo iste porro quia fugiat quia quas. Quo quasi ut.
5,1,1,1,Checking Account,$517.92,Repudiandae reiciendis at repellendus quasi itaque accusamus molestiae quia sapiente. Alias possimus magnam consequatur quos ut corporis odit quas.
5,1,1,2,payment,$856.31,Rerum qui voluptatum. Voluptatem delectus magni perspiciatis quia aut sunt.
5,1,1,3,Zambian Kwacha,$340.20,In ratione deleniti provident et placeat quia ratione quidem molestiae. Est enim quaerat exercitationem.
5,1,1,4,Handcrafted port Engineer,$925.74,Enim minima id repudiandae nemo molestias voluptatibus voluptas. Non aut qui ut.
5,1,1,5,web services index Plastic,$542.69,Rerum qui impedit rerum odio cum sit commodi. Impedit pariatur sit iste accusamus incidunt.
5,1,2,1,Books,$209.08,Tempora blanditiis sit molestias quaerat iusto. Accusantium voluptatem dolor.
5,1,2,2,Missouri,$211.78,Totam qui esse commodi animi aut. Voluptates neque incidunt voluptas omnis.
5,1,2,3,Turkmenistan,$885.25,Quae eveniet esse et laboriosam et laboriosam. Adipisci vero facilis officia consectetur vel sit.
5,1,2,4,Upgradable,$336.40,Sapiente ut quia dolores eum modi. Tempora dolor ut et quibusdam doloremque omnis eos quis.
5,1,2,5,Argentina Proactive cross-media,$624.20,Tenetur quo distinctio esse minus quam. Tenetur qui et quas ullam adipisci voluptatibus quia aspernatur beatae.
5,1,3,1,Computer non-volatile Planner,$981.11,Est et laborum quasi rem repellendus. Minus est iusto labore dolor sapiente.
5,1,3,2,Loaf Louisiana,$730.17,Praesentium eos doloremque quas repellat. Adipisci itaque ad quia porro.
5,1,3,3,Home Loan Account,$879.39,In velit ex ipsa beatae. Minus quia sit velit consectetur.
5,1,3,4,Lead revolutionary,$702.31,Excepturi a possimus dolorem illum dolor maxime consequuntur. Aut deserunt et aut veniam at impedit nisi.
5,1,3,5,Uganda New Mexico bypassing,$933.87,Quia eius animi qui ut. Dolor quas mollitia molestiae voluptates voluptatem.
5,1,4,1,Grocery Factors,$223.08,Consequatur sunt quis laboriosam ducimus laudantium error eius et sint. Ducimus occaecati dolor totam.
5,1,4,2,impactful,$544.85,Et deleniti voluptatem et. Vel qui ipsa consectetur ut accusantium alias saepe beatae earum.
5,1,4,3,Managed,$304.67,Autem vel animi est cupiditate. Inventore qui beatae culpa qui accusantium.
5,1,4,4,FTP bypassing hard drive,$13.03,Vel eum totam earum et quas culpa inventore. Molestias possimus voluptas voluptatibus qui quis distinctio.
5,1,4,5,AGP,$150.55,Illum et qui dolore tenetur ipsam. Ipsa dolores nostrum earum neque aperiam nostrum perspiciatis.
5,2,1,1,Fantastic,$415.09,Dignissimos quod autem qui inventore fuga et qui qui provident. Placeat voluptate libero modi nemo autem aut nobis nihil est.
5,2,1,2,user-centric,$518.04,Atque non quam magnam quibusdam. Suscipit totam occaecati iure esse.
5,2,1,3,Rand mesh GB,$596.14,Sit reprehenderit qui nihil laboriosam molestias nulla ut a qui. Expedita qui ex quaerat.
5,2,1,4,solid state,$654.38,Molestiae aspernatur explicabo eius. Et et cum officiis.
5,2,1,5,Paradigm,$501.74,Quam ipsum commodi aspernatur sit beatae quasi corrupti voluptates. Eum voluptates est voluptas deserunt corporis quam libero.
5,2,2,1,deposit,$210.38,Omnis est optio est unde reprehenderit harum qui. Rerum autem id minus eum neque dolore.
5,2,2,2,Frozen United States Minor Outlying Islands Buckinghamshire,$278.47,Aliquid id sapiente non enim. Nihil voluptas nesciunt qui ad rem sunt rerum sunt.
5,2,2,3,generating circuit,$181.20,Neque ut eos. Corrupti sed veritatis id.
5,2,2,4,Checking Account Cotton,$837.13,Sit facere eveniet. Assumenda est aliquid.
5,2,2,5,deposit THX Up-sized,$831.66,Id quidem quam aspernatur quas sit qui dignissimos iure quis. Veritatis qui aut et.
5,2,3,1,Representative Incredible Steel Table,$556.58,Dignissimos aut odit temporibus explicabo excepturi. Reiciendis temporibus nobis.
5,2,3,2,forecast Expanded,$803.76,In ipsa molestiae quia aut repellat et natus voluptatibus ea. Et omnis molestiae qui sapiente in maiores repudiandae.
5,2,3,3,e-markets,$534.01,Similique laudantium quia laudantium reprehenderit facere. Error aperiam impedit quo.
5,2,3,4,Engineer,$428.18,Non laudantium voluptas eos voluptate nihil aspernatur eos. Perspiciatis ipsa excepturi.
5,2,3,5,Niger,$226.78,Explicabo dolorem ea expedita dolorum cupiditate consequatur cumque aut dolore. Inventore ipsum sint qui nemo cumque nulla ab.
5,2,4,1,Money Market Account input,$652.26,Non assumenda enim. Hic sit hic ut.
5,2,4,2,deposit Handcrafted Wooden Bike,$383.04,Vero sint omnis amet sint sit dolore. Ad repellendus ducimus minus voluptas dolore.
5,2,4,3,Infrastructure,$43.36,Et ipsum aut dolorem temporibus neque sed neque. Quia eveniet placeat rerum ratione voluptate.
5,2,4,4,Soft,$305.34,Inventore sunt eum voluptatem adipisci asperiores expedita dolorum vel modi. Autem est minima autem aliquid qui quod modi aliquam perferendis.
5,2,4,5,Orchestrator Mountain,$902.61,Rerum optio assumenda a. Ipsam quia unde sint incidunt.
6,1,1,1,UAE Dirham Algerian Dinar,$219.87,Iusto aut eum quas sed vero amet id. Vel nulla corporis aut ut repellendus voluptates enim qui.
6,1,1,2,Lead ADP,$805.19,Est pariatur dolorum magnam. Ipsam consectetur qui quia itaque.
6,1,1,3,Ball Re-engineered,$702.65,Nihil nostrum in et minus rerum voluptatem. Qui quae aperiam odit est.
6,1,1,4,feed Profound,$401.81,Voluptas distinctio quasi eius iure voluptatem. Reprehenderit omnis molestias quia ut perspiciatis deleniti eligendi officia.
6,1,1,5,web-enabled,$846.62,Incidunt sit fugit dolorem culpa ipsam earum. Libero atque numquam consequuntur omnis in explicabo.
6,1,2,1,Court Jewelery,$552.85,Ea quia qui in veritatis nulla earum ex animi. Fugit quisquam eveniet id.
6,1,2,2,Forward,$338.65,Quidem dolorem saepe. Natus et eos voluptate facilis voluptatibus illo laudantium voluptatem labore.
6,1,2,3,Rubber,$354.88,Nesciunt corrupti debitis aut id voluptatum aspernatur. Natus incidunt aut sit qui quidem adipisci pariatur vitae molestias.
6,1,2,4,Iowa green Bangladesh,$729.95,Laudantium a error consectetur non voluptates libero. Perferendis neque ducimus voluptatem nesciunt eum maiores.
6,1,2,5,Credit Card Account,$59.59,Consequatur excepturi necessitatibus officia magni accusamus. Et totam qui non voluptas sed quidem accusamus ratione aut.
6,1,3,1,Sausages,$127.88,Voluptatibus et quis sint pariatur. Quisquam neque illo et quo consectetur.
6,1,3,2,Awesome Auto Loan Account overriding,$637.44,Numquam ut atque. Enim autem id aut.
6,1,3,3,Synergized,$596.09,Est omnis similique. Doloremque architecto eum quas.
6,1,3,4,Generic Plastic Table Generic,$439.90,Iste nesciunt et et veritatis odit est. Impedit est perspiciatis ut voluptates ea.
6,1,3,5,Games Pitcairn Islands Refined,$712.76,Rerum occaecati magni dolores aperiam ducimus ipsum. Praesentium natus asperiores aliquid omnis iusto quo iusto nobis eum.
6,1,4,1,driver,$934.36,Ea et fugiat dolor dolore sit expedita itaque fugit a. Dignissimos minima fugit nihil et.
6,1,4,2,Architect,$315.23,Eligendi vel eos sit modi voluptatem necessitatibus facere. Sequi ducimus corrupti quos tempora dicta provident.
6,1,4,3,Metal PNG Cambridgeshire,$726.54,Qui cum placeat est similique est rerum ex. Debitis ut sint.
6,1,4,4,haptic Customer,$759.18,Suscipit illum quod vero soluta molestiae quam at ut. Reprehenderit sunt sequi repudiandae.
6,1,4,5,invoice,$943.37,Quia suscipit repellendus. Consectetur ea sequi et neque et rerum ipsum fuga.
6,2,1,1,USB Bedfordshire,$962.09,Temporibus quia laudantium. Qui non ut.
6,2,1,2,withdrawal fresh-thinking sticky,$88.22,Autem rerum officia velit ex voluptatem doloremque praesentium provident. Aut quis voluptatibus sed ex vel dolor veritatis possimus.
6,2,1,3,Data,$699.37,Mollitia eum ratione non accusamus accusantium consequatur. Et voluptatem ut.
6,2,1,4,France Wooden,$416.69,Dignissimos occaecati nam assumenda. Nemo quibusdam dolores quia voluptatum consequuntur.
6,2,1,5,Senior extranet,$952.52,Doloremque labore assumenda nulla velit omnis ea. Ex omnis quia nihil aut.
6,2,2,1,neural expedite,$676.04,Reiciendis illum illo dolores accusantium soluta libero ut esse est. Mollitia nobis et alias.
6,2,2,2,Architect Rustic Granite Salad Money Market Account,$862.73,Voluptas dolorem deserunt aut in temporibus asperiores. Aut consequatur quo nisi et aut pariatur.
6,2,2,3,Fantastic Jewelery Forward,$541.51,Quo consequatur dicta. Et laborum ullam error nostrum ut explicabo debitis dolores.
6,2,2,4,Personal Loan Account quantify,$976.73,Consequatur vel velit numquam. Sunt voluptatem unde quis corporis.
6,2,2,5,Lead,$227.31,Molestiae tempora voluptate voluptate eveniet culpa voluptatem explicabo. Mollitia occaecati quidem qui cupiditate natus aut fuga voluptas.
6,2,3,1,Administrator,$511.59,Fugit iste tempora necessitatibus consectetur soluta enim neque occaecati ab. Omnis omnis a ratione enim at sapiente et.
6,2,3,2,New Jersey,$713.59,Quo molestiae aperiam et quis ut labore. Laborum consequatur ullam consequatur praesentium maiores atque rerum nobis occaecati.
6,2,3,3,implement,$790.28,Distinctio ut et velit. Et sunt aliquid in debitis magni aut autem accusantium.
6,2,3,4,HTTP,$540.72,Occaecati non repellendus. Ipsam accusamus harum.
6,2,3,5,Metal online,$608.61,Blanditiis est minima quia at numquam quae atque. Ipsum totam nisi dolores nobis eveniet doloremque.
6,2,4,1,panel Self-enabling,$993.47,Cupiditate est expedita ea illo nemo ea. Sit occaecati inventore eos.
6,2,4,2,Manager,$137.37,Quam est doloremque. Rerum aut voluptas.
6,2,4,3,withdrawal Graphical User Interface,$622.38,Voluptates expedita ea nihil nobis facilis et accusantium et ipsam. Enim praesentium ipsa eveniet repellat in quia tempora qui.
6,2,4,4,calculate,$627.80,Harum dicta eligendi nulla cum unde ab veniam iure. Eius vel adipisci quo beatae autem laborum amet et.
6,2,4,5,Checking Account,$555.00,Est adipisci asperiores aut mollitia harum reprehenderit consequuntur voluptatum voluptas. Aut ea excepturi illo quia officia ut.
7,1,1,1,impactful Kids pink,$587.54,Excepturi voluptas sint rerum atque facere repellendus impedit impedit possimus. Autem aut iure rerum aliquam exercitationem sit dolores quod commodi.
7,1,1,2,Cambridgeshire Frozen,$636.16,Omnis et excepturi blanditiis. Et cumque inventore velit quidem unde sunt eum.
7,1,1,3,Customer Berkshire Functionality,$813.98,Vel et dolores ea iure unde est aliquid. Voluptates unde similique sed saepe cum maxime hic qui.
7,1,1,4,synthesize,$581.82,Ut illum odio et ipsum harum rerum asperiores. Ex qui consequatur optio aliquam ratione labore quia porro iste.
7,1,1,5,synthesize ivory,$838.67,At dicta eos vel architecto explicabo atque. Et quibusdam consequatur iure qui ut nostrum at.
7,1,2,1,Soap virtual,$850.08,Aut est sit. Eum fuga in nemo perspiciatis ad magnam dolores aut labore.
7,1,2,2,Rustic Metal Hat Maine Ohio,$630.47,Quae itaque temporibus dolor sed nobis corrupti et et. Ut aspernatur laudantium sit qui doloremque corporis illo fugit.
7,1,2,3,Solutions Frozen array,$881.03,Et ut quo consequuntur neque asperiores eos dicta deserunt aliquam. Magnam sunt officia tempore.
7,1,2,4,Innovative,$870.20,Quo voluptatibus distinctio placeat. Explicabo omnis accusamus tenetur.
7,1,2,5,Factors Global,$524.90,Quia et maiores. Rem possimus sit.
7,1,3,1,overriding Refined dot-com,$157.44,Dicta quia nam aut molestiae velit quia optio non est. Provident accusamus voluptatem sint possimus quia iure saepe consequatur sint.
7,1,3,2,Bedfordshire system,$914.04,Exercitationem quo impedit perferendis rerum corrupti est commodi. Enim maiores est voluptates dolor repellendus quia.
7,1,3,3,Personal Loan Account,$638.90,Est perferendis similique veritatis modi suscipit. Fugit esse corporis quis qui omnis.
7,1,3,4,Technician Meadows New Taiwan Dollar,$49.52,Dolore quo quisquam. Error inventore sequi nisi iste sint quos.
7,1,3,5,Cotton Handcrafted Soft Sausages,$717.84,Eius soluta accusamus quis quis maiores earum incidunt. Quo quo maxime itaque ea aut nihil repudiandae mollitia quod.
7,1,4,1,deposit mesh,$919.89,Quidem sapiente animi quo blanditiis nihil. Sapiente et maiores aliquam.
7,1,4,2,JSON Home Loan Account,$457.59,Expedita saepe aspernatur. Dolorum natus quasi recusandae facilis accusamus voluptatem corporis consequatur magni.
7,1,4,3,Cheese hack,$23.32,Facere a facere enim. Qui ipsam doloribus suscipit ut ea voluptatem qui tenetur.
7,1,4,4,Taiwan backing up,$913.31,Quo quaerat earum quia. Doloribus consectetur delectus voluptatem odio perferendis ab.
7,1,4,5,overriding,$105.03,Sapiente similique voluptatem accusantium. Nesciunt tempore eos ea.
7,2,1,1,Refined Intranet,$773.42,Velit et ut quisquam non id explicabo. Animi voluptatem sed.
7,2,1,2,Soft synergy firewall,$973.11,Dolores quos sequi aut omnis ipsa enim. Eum eveniet dolores expedita cumque dolores facilis iure.
7,2,1,3,Guadeloupe,$839.14,Temporibus qui odio soluta ducimus officiis fugit id. Tenetur voluptates quia tenetur voluptas quaerat sit pariatur perferendis.
7,2,1,4,Money Market Account Iceland Krona,$644.58,Maiores commodi et qui totam. Fuga est et natus.
7,2,1,5,auxiliary,$768.21,Voluptas nihil aut. Eum iusto natus pariatur tempora consequatur facilis ut vero.
7,2,2,1,synthesizing,$89.85,Aut ut aut repellendus modi quas. Et officia laudantium culpa aut laboriosam architecto necessitatibus.
7,2,2,2,dot-com Facilitator Global,$9.38,Architecto rerum illum qui quidem similique at nihil minima maiores. Sint architecto id temporibus.
7,2,2,3,Plastic radical Tasty,$833.72,Necessitatibus omnis cum laudantium sint doloremque nulla. Ullam velit eveniet rem incidunt accusamus ullam veritatis.
7,2,2,4,Table sensor,$435.87,In harum harum. Animi officia nemo sint perferendis quo laboriosam placeat voluptatem.
7,2,2,5,Supervisor,$762.25,Est maiores quia qui explicabo. Quidem dolor ratione.
7,2,3,1,Home Loan Account,$12.37,Eum quam non et facilis error rerum ut id distinctio. Ipsa aspernatur dolor corrupti libero voluptas delectus officiis.
7,2,3,2,Refined Frozen Keyboard infrastructure Handcrafted,$610.31,Eum repellat rem illo aut. Placeat voluptatem rerum voluptates.
7,2,3,3,Wooden,$236.42,In qui accusantium quis odit magnam. Fugit mollitia recusandae.
7,2,3,4,deposit,$385.58,Deserunt et pariatur non. Deserunt similique vel quos ab placeat ea unde iste.
7,2,3,5,compress,$705.51,Et explicabo cupiditate ea enim voluptas architecto. Omnis consequatur quaerat qui vitae.
7,2,4,1,productize,$424.70,Praesentium quam eos molestiae perspiciatis ducimus aliquid. Sed vel ipsam dolor.
7,2,4,2,Tasty Direct Enhanced,$581.84,Ut amet voluptatem laboriosam consequatur est voluptatum dolorem sed. Dolores repudiandae necessitatibus.
7,2,4,3,Regional Democratic People's Republic of Korea interactive,$963.03,Harum et accusantium voluptatem dolore aut quia. Aliquam quis vitae aliquam id nostrum quisquam ut tempora.
7,2,4,4,Tenge,$206.74,Qui qui aut sed corporis exercitationem. Magnam perferendis dolorum ea ut libero consequatur vel in.
7,2,4,5,Toys 24 hour Generic,$704.77,Accusamus illo excepturi non officia beatae non. Aut tempore suscipit sunt.
8,1,1,1,programming Automotive bandwidth-monitored,$726.21,Repudiandae molestias iste unde quae beatae veritatis autem. Doloribus rerum nesciunt quis ea.
8,1,1,2,customized,$533.58,Ut dolores dolor ut est vitae delectus aut. Sed cum alias.
8,1,1,3,Borders program,$182.81,Sunt nulla at ut ea id a vitae. Modi unde at beatae nostrum.
8,1,1,4,Technician ROI,$146.58,Nobis voluptatem nihil sed omnis. Consequatur enim quia quam.
8,1,1,5,Sleek Soft Shoes,$100.87,Quibusdam ut repudiandae esse quaerat quos commodi. Et est voluptate.
8,1,2,1,Administrator,$415.98,Reiciendis sunt ut et placeat repellat fugit alias. Quos vel hic sint error est iure.
8,1,2,2,scalable,$881.94,Laudantium excepturi sed. Reprehenderit dignissimos incidunt voluptatibus esse.
8,1,2,3,Tools Auto Loan Account,$182.49,Incidunt nisi voluptatem totam non nam ex aperiam praesentium quibusdam. Qui illum rem hic consequuntur.
8,1,2,4,intuitive Specialist Money Market Account,$496.91,Ut dolore ratione ut aspernatur ratione repellat natus. Aut et excepturi doloribus.
8,1,2,5,JSON Credit Card Account Manager,$612.51,Impedit dolorem sequi quis magni quis. Aut consequatur dignissimos amet corporis omnis occaecati et accusamus qui.
8,1,3,1,virtual,$182.43,Temporibus sit rerum deserunt aut suscipit sunt. Non qui assumenda ut.
8,1,3,2,utilize Regional,$231.18,Est id et consequatur aliquid dolorem omnis expedita voluptatem. Ab rem aspernatur beatae.
8,1,3,3,Chips generating mobile,$664.87,Suscipit tempora aliquid sequi quae beatae. Sint mollitia cupiditate necessitatibus et perspiciatis.
8,1,3,4,salmon Direct Health,$801.48,Est minima consequatur labore voluptatem expedita minima. Pariatur eveniet molestias vitae omnis.
8,1,3,5,copy Soft Canada,$139.53,Occaecati eius voluptatem possimus rem. Omnis quis eius vero neque delectus quia.
8,1,4,1,Spurs withdrawal Home Loan Account,$633.18,Hic minus est enim. Optio quaerat omnis quod.
8,1,4,2,Keyboard Open-architected,$485.95,Blanditiis nihil et minima deserunt ab vero eos. Nemo placeat odit quia omnis tempora et.
8,1,4,3,optical,$698.11,Repellendus est fugiat aspernatur at eum exercitationem. Vero eaque labore illum sunt neque numquam at.
8,1,4,4,XSS Practical Soft,$336.09,Qui ut eius qui illum voluptatem ut voluptatem. Quo consequatur dignissimos dicta facilis sit deserunt tenetur sit eveniet.
8,1,4,5,visionary,$296.29,Et est corrupti est suscipit et quia nisi odio. Aut sed pariatur ducimus qui officia qui et unde.
8,2,1,1,Course,$29.68,Et velit omnis laborum dignissimos quis itaque. Deserunt quae dolores quibusdam voluptatem et animi incidunt sed.
8,2,1,2,Steel ivory Awesome,$598.24,Deserunt explicabo autem qui dolorum. Recusandae provident et.
8,2,1,3,hub generate,$870.91,Vero vero repudiandae autem error distinctio quo beatae eveniet. Animi ea impedit non deserunt officia.
8,2,1,4,web services even-keeled,$387.05,Cum ut odio labore veritatis et ut. Illum ipsam et tempora facere reiciendis quia veniam dolorem.
8,2,1,5,South Carolina alarm Savings Account,$43.52,Dolorem exercitationem hic quia tenetur itaque asperiores quis iste praesentium. Voluptatem occaecati et ut.
8,2,2,1,grey override,$979.10,Tempora ut at dolorem ut. Architecto non qui magni totam sint temporibus modi qui.
8,2,2,2,Small maroon database,$904.94,Reprehenderit mollitia voluptatem eos quaerat ipsum quia et aut dignissimos. Eaque quos libero necessitatibus consequatur qui dolor omnis est.
8,2,2,3,connect,$479.13,Harum quis est cumque. Veniam commodi sunt dolores et dolore distinctio temporibus omnis vel.
8,2,2,4,green Congolese Franc,$506.06,Eum perferendis neque quaerat assumenda aut autem. Consectetur molestiae et et explicabo.
8,2,2,5,pixel Customer,$206.59,Doloribus cupiditate iste dicta voluptatum amet ut omnis earum. Deserunt quam labore iure ab cumque voluptate aut qui tempore.
8,2,3,1,Gorgeous EXE XSS,$816.88,Eum cum eligendi quasi natus voluptatem nemo est. Ut maxime commodi in voluptates.
8,2,3,2,withdrawal Investment Account Palau,$150.31,Ut quas beatae voluptates magnam dolores ex sit. Quos id nulla similique.
8,2,3,3,haptic calculate Exclusive,$252.42,Est totam et explicabo molestiae et. At autem nemo omnis asperiores nisi assumenda provident facilis.
8,2,3,4,process improvement,$86.05,Nostrum eaque accusantium magnam dolorum necessitatibus numquam iusto aliquid. Facilis consequuntur sint assumenda est perferendis at rerum a adipisci.
8,2,3,5,yellow Principal redundant,$423.28,Eum sequi ipsa est natus amet et consectetur amet. Quod est esse voluptatem et officia.
8,2,4,1,Licensed Integrated Concrete,$22.52,Iusto voluptatem nesciunt dicta libero aut omnis. Ullam provident dolorem.
8,2,4,2,yellow,$971.76,Ducimus quasi cumque. In hic omnis nam natus explicabo aliquam possimus qui.
8,2,4,3,Central Vermont Internal,$667.41,Quam nesciunt perferendis at qui. Quos expedita facilis consequatur.
8,2,4,4,RAM morph,$131.60,Id autem vel maxime a modi incidunt sit mollitia. Cum iste minus et nostrum doloribus odio.
8,2,4,5,Cambridgeshire,$357.72,Sed voluptas ducimus autem quia ut fuga ut. Deserunt labore dolor.
9,1,1,1,FTP SMS De-engineered,$690.07,Sit et et odit enim beatae ex aut. Mollitia minus minima qui.
9,1,1,2,optical,$74.77,Reprehenderit sint sunt possimus veritatis fugiat consequatur vitae quisquam consequatur. Et molestiae porro magnam et qui aut qui eos animi.
9,1,1,3,Implementation portals quantify,$664.74,Doloribus cum necessitatibus repellat. Debitis sit voluptas non nulla.
9,1,1,4,transmitting auxiliary black,$687.99,Ducimus impedit aut ad quia consequatur deleniti incidunt. Harum qui esse rem illo voluptatem consequatur unde.
9,1,1,5,SAS,$126.66,Occaecati aliquid molestiae aliquid aut aut totam hic commodi. Consequatur quibusdam et adipisci fugiat.
9,1,2,1,Awesome Metal Tuna,$863.79,Quasi aut et sunt perspiciatis non. Doloremque ut at.
9,1,2,2,Home Loan Account,$440.02,Dolores ut nulla voluptate et accusamus rerum ipsum voluptate. Unde eveniet quia rem nulla quos non.
9,1,2,3,Small Concrete Mouse,$313.36,Ea quidem quia maiores totam quia esse voluptas. Architecto voluptatibus quis consequuntur.
9,1,2,4,hard drive connect,$384.39,Hic perferendis dolorem. Quia qui doloremque sint.
9,1,2,5,Borders French Guiana,$158.54,Voluptatem dolores unde eos aut sit dicta repellendus vitae. Officia beatae similique explicabo laudantium corporis quia dignissimos.
9,1,3,1,Vermont,$355.12,Nemo deleniti delectus quae accusantium ipsum. Aut est et id cum possimus ex maiores doloremque.
9,1,3,2,Micronesia,$926.11,Molestiae autem sapiente quia tempora ut aut. Odio officiis non sint explicabo ea deleniti omnis.
9,1,3,3,Frozen web-enabled,$137.03,Maxime ullam voluptatum repellat consequuntur eius nihil nemo omnis est. Accusamus quis consequuntur et officiis voluptates a est nam et.
9,1,3,4,Keyboard bricks-and-clicks,$782.38,Accusantium et pariatur et eos. Odio optio aut quasi eum repudiandae sed laboriosam pariatur.
9,1,3,5,Balboa US Dollar,$707.28,Ullam sequi enim eius doloremque a placeat quia sit velit. At animi consequuntur quis.
9,1,4,1,hack Internal indexing,$505.02,Asperiores id hic blanditiis maiores et reiciendis nihil doloremque qui. Qui in dolores.
9,1,4,2,Saint Vincent and the Grenadines Savings Account withdrawal,$462.46,Quo pariatur accusantium labore molestiae consequatur temporibus et facilis quas. Iure similique quod culpa consequatur non quibusdam.
9,1,4,3,website Polarised Grocery,$704.19,Eos et itaque pariatur a sit. Exercitationem aliquam ex qui.
9,1,4,4,Jewelery,$791.75,Eum perspiciatis tempore laborum quia reiciendis consequatur deserunt. Ipsam quis facilis facere vitae omnis temporibus blanditiis.
9,1,4,5,HTTP,$25.24,Ad fugiat aut assumenda. Quis temporibus exercitationem nihil cum.
9,2,1,1,Sleek Plastic Ball Baby Grocery,$564.80,Vitae quisquam omnis ut sint blanditiis veritatis non. Quo nihil laborum voluptate tempore nam quaerat.
9,2,1,2,Games,$914.60,Mollitia quidem officiis magnam inventore necessitatibus et facere est. Velit vitae velit officia nihil harum harum qui eaque voluptates.
9,2,1,3,Proactive Steel eyeballs,$415.21,Praesentium veniam esse at. Consequuntur enim quod est accusantium.
9,2,1,4,Cotton extend haptic,$908.57,Fugiat mollitia sint neque nostrum. Temporibus eaque porro accusantium voluptatum animi doloremque adipisci.
9,2,1,5,Technician,$720.19,Et praesentium aut labore dolorem nesciunt voluptas optio ab. Soluta aliquam magni corrupti adipisci minima labore sint voluptatem.
9,2,2,1,bricks-and-clicks drive Incredible,$16.59,Facere doloremque repudiandae nisi soluta. Porro quia repudiandae possimus laboriosam eum debitis hic reiciendis doloremque.
9,2,2,2,1080p Shoals SQL,$327.52,Saepe aut numquam consequuntur corporis porro unde molestiae placeat quam. Voluptatem voluptatem facere exercitationem error id corrupti.
9,2,2,3,AGP Ecuador,$808.84,Consequuntur ut repudiandae est ut veritatis deserunt sit omnis eius. Alias inventore qui.
9,2,2,4,enterprise Investment Account,$615.22,Dolores similique porro non perferendis error inventore occaecati. Autem quibusdam fugit laudantium dolores recusandae corrupti odit totam.
9,2,2,5,Buckinghamshire calculating,$170.06,Corporis qui culpa accusantium enim culpa nostrum sit illo. Est aut consequatur illum.
9,2,3,1,Investor infomediaries Kids,$823.36,Voluptatem optio recusandae et omnis distinctio. Corrupti debitis dolor culpa ratione rem.
9,2,3,2,Points Turkey Unbranded Metal Pants,$398.19,Pariatur suscipit nulla quasi. Ea dolorum ut dolorem labore dolorum reprehenderit sed accusamus rem.
9,2,3,3,repurpose back-end 24 hour,$308.97,Rerum sunt nihil doloremque nemo doloribus et et. Occaecati magnam debitis sit tempora sit hic voluptatem excepturi.
9,2,3,4,Beauty deposit,$58.99,Error deserunt cupiditate ducimus eveniet sed qui sed. Sit quo iure reprehenderit.
9,2,3,5,implement Checking Account Rhode Island,$471.03,Officia amet iste suscipit non a in molestiae voluptatem debitis. Error laborum distinctio unde nobis voluptatibus.
9,2,4,1,Savings Account,$846.29,Voluptatem vel laudantium vero velit ullam et voluptas. Fugiat rerum non.
9,2,4,2,Jewelery Implementation Baht,$807.07,Dolores commodi facilis nulla ut perferendis hic repudiandae. Voluptate assumenda aperiam neque.
9,2,4,3,solutions Concrete,$226.28,Tempore dolorem vel quisquam. Ut sit suscipit veritatis expedita nesciunt aut voluptatibus.
9,2,4,4,bluetooth parse invoice,$861.30,Architecto qui quis dolor et temporibus ea et aspernatur qui. Eaque ipsa omnis libero consequatur.
9,2,4,5,Analyst Shoes Devolved,$380.37,Quos qui ab quo assumenda blanditiis earum quisquam. Molestiae rem laudantium quo unde.
10,1,1,1,generate,$998.79,Et omnis ullam libero qui et quo aliquam qui. Similique blanditiis et autem eligendi quasi vel.
10,1,1,2,SDR integrated,$241.07,Id sit autem ut. Incidunt repellat velit libero rerum totam.
10,1,1,3,Operations Face to face,$94.30,Qui consectetur ut nostrum minima libero. Asperiores illo impedit molestiae.
10,1,1,4,Computers solutions Digitized,$293.31,Velit iure quia vel at sequi aut eum ut id. Reiciendis nihil voluptas omnis.
10,1,1,5,Producer Avon Games,$995.54,Et reiciendis eum. Qui rerum quia facilis.
10,1,2,1,Fantastic Generic Soft Shoes Small Steel Chips,$885.68,Ea dolorem provident nemo ut ut eos inventore. Assumenda sint ab et hic nam animi vitae.
10,1,2,2,local area network,$342.95,Facere est voluptatem non esse. Vel ipsam sed molestiae omnis.
10,1,2,3,Shoes grey orange,$749.72,Doloremque numquam beatae quisquam quaerat vitae aut temporibus voluptatum temporibus. Dicta ullam et illum autem consequatur quia earum hic consequuntur.
10,1,2,4,online,$766.13,Recusandae repellat ea ut. Autem sequi ut.
10,1,2,5,strategic Dynamic,$81.14,Modi impedit omnis. Natus vel voluptas.
10,1,3,1,Ways navigating parallelism,$603.54,Esse vitae corporis autem praesentium est debitis. Officia corporis animi et omnis fugit sed et.
10,1,3,2,Sleek Home Loan Account Credit Card Account,$219.31,In laudantium vitae similique dolorum officiis repellendus voluptates eveniet maiores. Nemo in eos vel omnis minima quia autem ducimus ut.
10,1,3,3,El Salvador Colon US Dollar Rwanda Franc Tactics,$532.75,Dolorum consequatur in consequatur est iusto at et. Assumenda rerum reiciendis eligendi et inventore aut.
10,1,3,4,indexing RSS,$780.22,Quia dolorem corrupti enim eos ipsum accusantium. Non asperiores quas nobis dolore aut.
10,1,3,5,framework Synchronised Metal,$808.69,Suscipit voluptatem doloribus et. Excepturi rerum dolorum magnam et autem.
10,1,4,1,Representative AGP invoice,$598.50,Ut impedit dolores iste. Id laboriosam necessitatibus ut et tempora.
10,1,4,2,workforce reinvent Cambridgeshire,$919.79,At in fugit earum quia cupiditate qui et officia. Cum modi laudantium magnam cumque aut voluptates eveniet sint repellat.
10,1,4,3,cross-platform Table explicit,$620.60,Ipsam fuga totam in velit molestiae. Voluptatem nesciunt aspernatur ducimus et est similique.
10,1,4,4,Kenyan Shilling,$648.48,Minima assumenda incidunt aspernatur. Doloribus asperiores doloribus.
10,1,4,5,Intelligent Marketing,$740.71,Harum numquam et eveniet aut. Sed quae corrupti qui accusamus.
10,2,1,1,cross-platform Refined,$408.78,Consequatur sed voluptate quas ducimus est animi sit quisquam. Cum excepturi et veniam.
10,2,1,2,Associate Pennsylvania haptic,$40.46,Vero neque illum qui voluptatem officia placeat minima et deserunt. Repellat recusandae et quod eos deserunt aperiam culpa officiis reiciendis.
10,2,1,3,Corporate,$953.84,Maiores eum sint itaque tenetur suscipit. Iusto quasi et aliquid.
10,2,1,4,Rustic Wooden Shirt,$521.48,Dolorum aperiam enim est atque error. Omnis alias ut ipsa doloremque labore quasi saepe dolores.
10,2,1,5,Borders,$317.63,Aspernatur et sapiente eligendi dolores provident voluptatem alias. Dolore saepe distinctio qui vero libero et ut aperiam.
10,2,2,1,Borders zero tolerance,$747.08,Voluptas deleniti voluptate. Quia labore et.
10,2,2,2,vertical,$576.37,Quam dolorum repudiandae quo repellat dolorem optio veniam. Blanditiis aut eveniet consequatur.
10,2,2,3,United States of America calculate,$920.62,Quia sunt inventore at rem molestias et cupiditate. Alias voluptatibus veritatis dignissimos voluptatem.
10,2,2,4,Rand Wooden,$347.23,Culpa est praesentium. Voluptates natus expedita.
10,2,2,5,invoice Ball,$247.50,Similique tempore voluptatum eos non saepe qui ut. Modi ad ad fugiat sit sunt id officiis autem amet.
10,2,3,1,Movies Bedfordshire synergistic,$102.17,Tempora laboriosam et assumenda sapiente aut optio. Cum suscipit pariatur non.
10,2,3,2,Cambridgeshire,$521.89,Fuga ad aperiam veniam quibusdam. Maiores ut accusantium adipisci.
10,2,3,3,invoice Division,$824.64,Occaecati aperiam alias veritatis. Recusandae voluptatem quo et.
10,2,3,4,User-friendly Infrastructure North Dakota,$114.66,Voluptatum officiis nulla sunt consequatur quam facere eius. Veritatis ut tenetur nihil illum occaecati ullam quidem fugit.
10,2,3,5,Wooden,$765.89,Minus maxime perspiciatis dolore. Voluptatum officiis quis fuga.
10,2,4,1,ADP,$57.77,Voluptatum esse quae sed eligendi. Rerum cupiditate modi nam quibusdam magnam et quis eaque repudiandae.
10,2,4,2,back up Cambridgeshire Falkland Islands (Malvinas),$713.51,Nobis dolorum officia harum vel aut corporis repellat. In dignissimos nobis.
10,2,4,3,Soft,$400.16,Consequatur repellat voluptatum et qui alias deleniti enim. Natus quidem voluptate est.
10,2,4,4,olive array,$984.99,Velit dolores deserunt facilis sunt officia ea. Nostrum omnis sint ad ut adipisci in.
10,2,4,5,Credit Card Account Street,$541.40,Molestias amet molestias illum animi commodi expedita enim tempore voluptate. Quis earum veniam dolor possimus quo quibusdam.
